As Of Date,Managed,Summary Asset Class,Account,Symbol,Description,Open date,Shares,Unit cost,Cost basis,Price,Market value
2026-06-30,Yes,CASH & CASH EQUIVALENTS,Brokerage,QWBSQ,BANK DEPOSIT SWEEP PROGRAM,,,,1200.00,,1200.00
2026-06-30,Yes,CASH & CASH EQUIVALENTS,IRA,FDRXX,FIDELITY GOVERNMENT CASH RESERVES,,,,800.00,,800.00
2026-06-30,Yes,CASH & CASH EQUIVALENTS,Roth IRA,QWBLQ,BANK DEPOSIT SWEEP PROGRAM,,,,300.00,,300.00
2026-06-30,Yes,US EQUITY,Brokerage,GOOGL,ALPHABET INC A,2022-05-27,80,50,4000.00,75,6000.00
2026-06-30,Yes,US EQUITY,Brokerage,P,EVERPURE CLASS A,2026-04-20,10,50,500.00,60,600.00
2026-06-30,Yes,GLOBAL FIXED INCOME,IRA,PIMIX,PIMCO INCOME INSTL,2022-05-18,120.5,10,1205.00,11,1325.50
2026-06-30,Yes,US EQUITY,IRA,LCGJX,WILLIAM BLAIR LARGE CAP GROWTH R6,2024-04-04,50,20,1000.00,25,1250.00
2026-06-30,Yes,INTERNATIONAL EQUITY,Roth IRA,GSIYX,GOLDMAN SACHS GQG PTNRS INTL OPPS R6,2022-05-18,30,10,300.00,12,360.00
2026-06-30,Yes,US EQUITY,IRA,WSMRX,WILLIAM BLAIR SMALL MID CAP CORE R6,2022-05-18,19.97,10.015,200.00,12,239.64
